"array_index","seed"
1,2269
2,5431
3,1892
4,1421
5,2017
6,6039
7,5814
8,2531
9,3817
10,4953
11,9924
12,2633
13,3412
14,2028
15,1361
16,7444
17,7972
18,5050
19,4463
20,6424
21,8654
22,4801
23,2402
24,1449
25,6845
26,2413
27,2288
28,6812
29,5154
30,5026
31,9188
32,4439
33,5869
34,4476
35,2401
36,1900
37,7313
38,6756
39,6515
40,4093
41,3789
42,3138
43,1597
44,6602
45,4208
46,5582
47,4082
48,6036
49,5413
50,1349
51,2921
52,7095
53,5674
54,7378
55,6607
56,4339
57,8116
58,1057
59,2632
60,4258
61,4049
62,4845
63,2633
64,1565
65,3448
66,9247
67,9128
68,7154
69,8435
70,1677
71,8988
72,6552
73,8458
74,3339
75,7262
76,3790
77,1315
78,9919
79,4001
80,5293
81,8172
82,3074
83,1433
84,1903
85,3228
86,8020
87,8868
88,5818
89,3810
90,6408
91,9715
92,3277
93,5351
94,3323
95,8138
96,1305
97,6355
98,5640
99,4425
100,2107
101,7024
102,7301
103,1565
104,8400
105,3237
106,6994
107,7264
108,9070
109,5645
110,2076
111,6798
112,2713
113,9448
114,3881
115,8102
116,5766
117,3075
118,9229
119,6233
120,4194
121,5866
122,1563
123,1534
124,9689
125,8411
126,1636
127,9940
128,6681
129,6526
130,9915
131,7392
132,5265
133,1952
134,9278
135,3651
136,5159
137,6563
138,3675
139,3931
140,5636
141,4339
142,8948
143,8204
144,7566
145,3782
146,8090
147,8248
148,5868
149,4706
150,4665
151,9183
152,8753
153,4306
154,6305
155,1171
156,7685
157,3999
158,4274
159,9915
160,2470
161,6405
162,6579
163,5257
164,7003
165,8136
166,5994
167,8955
168,7152
169,1005
170,8178
171,9266
172,3928
173,7439
174,8026
175,9552
176,3895
177,7523
178,5972
179,6446
180,8634
181,2092
182,3299
183,3216
184,9674
185,9245
186,8241
187,9918
188,9254
189,7432
190,7573
191,1124
192,5499
193,6453
194,4508
195,3096
196,2762
197,6243
198,9955
199,1465
200,4434
201,3016
202,6622
203,8069
204,8520
205,8074
206,1628
207,5061
208,9737
209,7553
210,1156
211,2442
212,6332
213,7995
214,1841
215,2492
216,2582
217,7764
218,9132
219,4258
220,2454
221,4996
222,8710
223,2688
224,9282
225,4565
226,1178
227,4034
228,2760
229,2734
230,1196
231,8138
232,5460
233,2810
234,7264
235,6796
236,8612
237,5131
238,3046
239,7172
240,9927
241,4916
242,8081
243,6484
244,6836
245,3038
246,1097
247,1642
248,1185
249,3798
250,3933
251,9094
252,7927
253,2077
254,4257
255,3408
256,9028
257,1953
258,4109
259,2978
260,5911
261,2903
262,9899
263,6585
264,5775
265,3927
266,4484
267,7383
268,4112
269,6584
270,7813
271,2993
272,1179
273,7107
274,6672
275,5679
276,4005
277,4613
278,9693
279,7976
280,5925
281,6133
282,7627
283,9333
284,5640
285,5914
286,7759
287,4748
288,6556
289,5165
290,2435
291,1216
292,7889
293,8496
294,1547
295,5277
296,1797
297,8100
298,9179
299,9890
300,3641
